{
    "R. Augusto Franco, 100, São João Batista - São João Batista": {
        "lat": -19.824155,
        "lon": -43.960919
    },
    "Av. Abrahão Caram, 996, São José - São José": {
        "lat": -19.8629024,
        "lon": -43.9710156
    },
    "R. Antônio Peixoto, 450, Caiçara - Caiçara": {
        "lat": -19.9017916,
        "lon": -44.0259644
    },
    "Praça do Ciclista, Funcionários - Funcionários": {
        "lat": -19.9282837,
        "lon": -43.92791500000001
    },
    "R. Henrique Badaró Portugal, 68, Buritis - Buritis": {
        "lat": -19.9757328,
        "lon": -43.9762662
    },
    "Praça Santa Rita, Esplanada - Esplanada": {
        "lat": -19.9069499,
        "lon": -43.9073553
    },
    "Av. Olegário Maciel, 1808, Lourdes - Lourdes": {
        "lat": -19.9298078,
        "lon": -43.9472747
    },
    "R. Tomé de Souza, 845, Savassi - Savassi": {
        "lat": -19.9371421,
        "lon": -43.9348503
    },
    "R. Aarão Reis, 570, Centro - Centro": {
        "lat": -19.9197027,
        "lon": -43.9347003
    },
    "R. Vinte e Cinco de Agosto, 400, Aparecida - Aparecida": {
        "lat": -19.8919624,
        "lon": -43.9571854
    },
    "Av. Oscar Paschoal, 8, São José - São José": {
        "lat": -19.8636676,
        "lon": -43.9736578
    },
    "R. David Campista, 42, Floresta - Floresta": {
        "lat": -19.9162007,
        "lon": -43.9287003
    },
    "R. Doutor Mário Magalhães, 605, Itapoã - Itapoã": {
        "lat": -19.841867,
        "lon": -43.9561521
    },
    "Av. dos Engenheiros, 612, Castelo - Castelo": {
        "lat": -19.8909525,
        "lon": -43.9993603
    },
    "Rua Sergipe, 833, Savassi - Savassi": {
        "lat": -19.9333542,
        "lon": -43.936564
    },
    "R. Fagundes Varela, 99, Lagoinha - Lagoinha": {
        "lat": -19.9068317,
        "lon": -43.9471899
    },
    "R. Alberto Cintra, 342, União - União": {
        "lat": -19.8821182,
        "lon": -43.9287898
    },
    "Av. Augusto de Lima, 1883, Centro - Centro": {
        "lat": -19.9206247,
        "lon": -43.9540977
    },
    "R. Marechal Deodoro, 51, Floresta - Floresta": {
        "lat": -19.9171879,
        "lon": -43.927314
    },
    "Praça da Bandeira, Mangabeiras - Mangabeiras": {
        "lat": -19.9490389,
        "lon": -43.9196821
    },
    "R. Curitiba, 8, Centro - Centro": {
        "lat": -19.9125842,
        "lon": -43.9397796
    },
    "Praça da Estação, Centro - Centro": {
        "lat": -19.9168158,
        "lon": -43.933902
    },
    "Av. dos Andradas, 3560, Pompéia - Pompéia": {
        "lat": -19.9157048,
        "lon": -43.9087888
    },
    "Praça Carlos Chagas, 59, Santo Agostinho - Santo Agostinho": {
        "lat": -19.9305556,
        "lon": -43.9494444
    },
    "R. dos Topógrafos, 207, Alípio de Melo - Alípio de Melo": {
        "lat": -19.8914495,
        "lon": -44.00099729999999
    },
    "R. Levindo Lopes, 231, Savassi - Savassi": {
        "lat": -19.9380331,
        "lon": -43.9395071
    },
    "Av. Alvares Cabral, 377, Lourdes - Lourdes": {
        "lat": -19.9264832,
        "lon": -43.9383512
    },
    "Av. Saramenha, 1470, Guarani - Guarani": {
        "lat": -19.8429014,
        "lon": -43.91929469999999
    },
    "Av. Afonso Pena, 546, Centro - Centro": {
        "lat": -19.9184726,
        "lon": -43.9394317
    },
    "R. Itararé, 469, Concórdia - Concórdia": {
        "lat": -19.9000845,
        "lon": -43.9383395
    },
    "R. Mármore, 157, Santa Tereza - Santa Tereza": {
        "lat": -19.9155765,
        "lon": -43.9207993
    },
    "Praça Duque de Caxias, Santa Tereza - Santa Tereza": {
        "lat": -19.9164193,
        "lon": -43.917815
    },
    "Praça da Liberdade, Savassi - Savassi": {
        "lat": -19.9329185,
        "lon": -43.938381
    },
    "R. Afonso Pena Júnior, 179, Cidade Nova - Cidade Nova": {
        "lat": -19.8906641,
        "lon": -43.9253836
    },
    "Av. José Cândido da Silveira, 1647, União - União": {
        "lat": -19.88525,
        "lon": -43.91747
    },
    "R. Professor Moraes, 226, Savassi - Savassi": {
        "lat": -19.9351877,
        "lon": -43.9307915
    },
    "Praça Zamenhof, Floresta - Floresta": {
        "lat": -19.9165254,
        "lon": -43.9291933
    },
    "R. dos Otoni, 87, Santa Efigênia - Santa Efigênia": {
        "lat": -19.9274582,
        "lon": -43.9211968
    },
    "Av. Mem de Sá, 1882, Santa Efigênia - Santa Efigênia": {
        "lat": -19.9316097,
        "lon": -43.9076387
    },
    "R. Cachoeira Dourada, 53, Paraíso - Paraíso": {
        "lat": -19.917141,
        "lon": -43.90935899999999
    },
    "R. Antônio de Albuquerque, 469, Savassi - Savassi": {
        "lat": -19.938413,
        "lon": -43.93493300000001
    },
    "Av. Washington Luiz, 21, São Bernardo - São Bernardo": {
        "lat": -19.8495345,
        "lon": -43.9395585
    },
    "R. Itanhandu, 17, Carlos Prates - Carlos Prates": {
        "lat": -19.9139294,
        "lon": -43.96750979999999
    },
    "R. Mármore, 255, Santa Tereza - Santa Tereza": {
        "lat": -19.9157597,
        "lon": -43.9200381
    },
    "R. Monte Branco, 30, Nova Suissa - Nova Suissa": {
        "lat": -19.9312668,
        "lon": -43.9770321
    },
    "R. Itapema, 185, Anchieta - Anchieta": {
        "lat": -19.9493591,
        "lon": -43.92726560000001
    },
    "Av. Amazonas, 507, Centro - Centro": {
        "lat": -19.9197953,
        "lon": -43.9394511
    },
    "Av. João Pinheiro, 607, Lourdes - Lourdes": {
        "lat": -19.9305523,
        "lon": -43.9373205
    },
    "Av. Álvares Cabral, 340, Centro - Centro": {
        "lat": -19.9259772,
        "lon": -43.9383348
    },
    "R. Jornalista Geraldo Resende, 482, Serrano - Serrano": {
        "lat": -19.8826594,
        "lon": -44.0132884
    },
    "R. Versilia, 50, Bandeirantes - Bandeirantes": {
        "lat": -19.8601936,
        "lon": -43.9819144
    },
    "Av. Brasil, 1285, Santa Efigênia - Santa Efigênia": {
        "lat": -19.9296771,
        "lon": -43.930887
    },
    "Rua Ceará, 1434, Funcionários - Funcionários": {
        "lat": -19.9337926,
        "lon": -43.929013
    },
    "R. Nilo Aparecida Pinto, 425, Planalto - Planalto": {
        "lat": -19.8300309,
        "lon": -43.9557209
    },
    "R. Marechal Deodoro, 200, Floresta - Floresta": {
        "lat": -19.9176487,
        "lon": -43.92873489999999
    },
    "Av. dos Engenheiros, 500, Castelo - Castelo": {
        "lat": -19.8915224,
        "lon": -43.9978719
    },
    "Praça Arcângelo Maleta, Santa Lúcia - Santa Lúcia": {
        "lat": -19.9674586,
        "lon": -43.9516284
    },
    "R. Hortência, 523, Esplanada - Esplanada": {
        "lat": -19.9077748,
        "lon": -43.9062798
    },
    "R. Fernandes Tourinho, 604, Savassi - Savassi": {
        "lat": -19.9383775,
        "lon": -43.9395785
    },
    "Av. Getúlio Vargas, 820, Savassi - Savassi": {
        "lat": -19.9354798,
        "lon": -43.93133659999999
    },
    "R. Juda, 386, Glória - Glória": {
        "lat": -19.8956251,
        "lon": -44.0104852
    },
    "Praça do Papa, Mangabeiras - Mangabeiras": {
        "lat": -19.9576128,
        "lon": -43.914761
    },
    "R. Marília de Dirceu, 104, Lourdes - Lourdes": {
        "lat": -19.933848,
        "lon": -43.9460817
    },
    "R. Henrique Badaró Portugal, 157, Buritis - Buritis": {
        "lat": -19.975114,
        "lon": -43.9765634
    },
    "Av. Antônio Abrahão Caram, 1001, São Luiz - São Luiz": {
        "lat": -19.8636771,
        "lon": -43.9720372
    },
    "Av. Afonso Pena, 1537, Funcionários - Funcionários": {
        "lat": -19.9257538,
        "lon": -43.9336937
    },
    "R. Christina Maria Assis, 551, Califórnia - Califórnia": {
        "lat": -19.9275265,
        "lon": -44.0162073
    },
    "R. Divinópolis, 215, Santa Tereza - Santa Tereza": {
        "lat": -19.9155896,
        "lon": -43.9123878
    },
    "R. Garota de Ipanema, 307, Etelvina Carneiro - Etelvina Carneiro": {
        "lat": -19.8118848,
        "lon": -43.93580040000001
    },
    "Av. Magenta, 536, Vitória - Vitória": {
        "lat": -19.8628238,
        "lon": -43.889592
    },
    "R. Silva Jardim, 25, Floresta - Floresta": {
        "lat": -19.9156682,
        "lon": -43.9280625
    },
    "Praça Alaska, Sion - Sion": {
        "lat": -19.9572393,
        "lon": -43.933955
    },
    "R. Sergipe, 833, Funcionários - Funcionários": {
        "lat": -19.9333542,
        "lon": -43.936564
    },
    "R. São Cosme, 105, Nova Glória - Nova Glória": {
        "lat": -19.9072156,
        "lon": -44.0136702
    },
    "Av. Augusto de Lima, 1883, Barro Preto - Barro Preto": {
        "lat": -19.9206247,
        "lon": -43.9540977
    },
    "R. Tigre 175, São Salvador - São Salvador": {
        "lat": -19.8931446,
        "lon": -44.0118593
    },
    "R. Maestro Dele Andrade, 1065, Santa Efigênia - Santa Efigênia": {
        "lat": -19.9280744,
        "lon": -43.91336769999999
    },
    "R. Marcos Donato de Lima, 399, Ribeiro de Abreu - Ribeiro de Abreu": {
        "lat": -19.8185923,
        "lon": -43.9024898
    },
    "R. João Ramalho, 250, Glória - Glória": {
        "lat": -19.9002703,
        "lon": -44.0159814
    },
    "Av. dos Engenheiros, 600, Castelo - Castelo": {
        "lat": -19.8910861,
        "lon": -43.9992064
    },
    "Praça Rui Barbosa, Centro - Centro": {
        "lat": -19.9164883,
        "lon": -43.9351371
    },
    "R. Antônio Giarola, 41, Céu Azul - Céu Azul": {
        "lat": -19.8186068,
        "lon": -43.9972175
    },
    "R. Sergipe, 939, Funcionários - Funcionários": {
        "lat": -19.9348271,
        "lon": -43.9372176
    },
    "R. Marechal Deodoro, 210, Floresta - Floresta": {
        "lat": -19.9176918,
        "lon": -43.9288517
    },
    "Alameda das Palmeiras, 839, São José - São José": {
        "lat": -19.8609342,
        "lon": -43.9681114
    },
    "R. Alvarenga Peixoto, 1301, Santo Agostinho - Santo Agostinho": {
        "lat": -19.9289835,
        "lon": -43.9521855
    },
    "Av. José Cândido da Silveira, 1900, União - União": {
        "lat": -19.885138,
        "lon": -43.916771
    },
    "R. dos Metalúrgicos, 116, Alípio de Melo - Alípio de Melo": {
        "lat": -19.8919101,
        "lon": -44.0001511
    },
    "Av. Augusto de Lima, 1845, Barro Preto - Barro Preto": {
        "lat": -19.9207829,
        "lon": -43.9540157
    },
    "R. dos Tabaiares, 93, Floresta - Floresta": {
        "lat": -19.9180896,
        "lon": -43.9326414
    },
    "R. Mármore, 169, Santa Tereza - Santa Tereza": {
        "lat": -19.915624,
        "lon": -43.9207512
    },
    "R. Bragança, 4, Coqueiros - Coqueiros": {
        "lat": -19.8988846,
        "lon": -44.0243415
    },
    "R. Conselheiro Rocha, 2539, Santa Tereza - Santa Tereza": {
        "lat": -19.9168838,
        "lon": -43.9116325
    },
    "R. Michel Jeha, 178, São Bento - São Bento": {
        "lat": -19.9540964,
        "lon": -43.9484285
    },
    "R. Adamina, 349, Santa Tereza - Santa Tereza": {
        "lat": -19.9175975,
        "lon": -43.9187232
    },
    "Av. Bandeirantes, 240, Sion - Sion": {
        "lat": -19.9572474,
        "lon": -43.9303899
    },
    "R. Piauí, 628, Santa Efigênia - Santa Efigênia": {
        "lat": -19.9270216,
        "lon": -43.9257899
    },
    "R. Fernandes Tourinho, 513, Savassi - Savassi": {
        "lat": -19.9387156,
        "lon": -43.939464
    },
    "Rua Manoel dos Reis, 70, Jaraguá - Jaraguá": {
        "lat": -19.8544473,
        "lon": -43.9521798
    },
    "-": {
        "lat": -19.919052,
        "lon": -43.9386685
    },
    "Rua José Coutinho, 160, Centro - Savassi": {
        "lat": -19.919168,
        "lon": -43.9386558
    },
    "Quadra da Escola de Samba Cidade Jardim (R. do Mercado, 47, Conjunto Santa Maria)": {
        "lat": -19.9526989,
        "lon": -43.9592275
    },
    "Praça da Comunidade, Dom Cabral": {
        "lat": -19.9232175,
        "lon": -43.9988336
    },
    "A Casa (R. Padre Marinho, 30, Santa Efigênia)": {
        "lat": -19.9260483,
        "lon": -43.9202403
    },
    "The Mexican (Av. Silviano Brandão, 1891, Sagrada Familia)": {
        "lat": -19.9113491,
        "lon": -43.91980299999999
    },
    "Parque do Brejinho, Indaía": {
        "lat": -19.8670312,
        "lon": -43.9540112
    },
    "Praça da Liberdade": {
        "lat": -19.9329185,
        "lon": -43.938381
    },
    "Viaduto Santa Tereza, Centro": {
        "lat": -19.9200743,
        "lon": -43.934761
    },
    "Underground Pub (Av. Itaú, 540, Dom Cabral)": {
        "lat": -19.919067,
        "lon": -43.9944808
    },
    "Autêntica (R. Álvares Maciel, 312, Santa Efigênia)": {
        "lat": -19.9242728,
        "lon": -43.92250060000001
    },
    "Bar e Espetaria Upa (R. Dourada, 2509, Alto dos Pinheiros)": {
        "lat": -19.9278272,
        "lon": -44.0061247
    },
    "Mister Rock (Av. Teresa Cristina, 295, Prado)": {
        "lat": -19.9192305,
        "lon": -43.95952070000001
    },
    "ABESC (R. Michel Echenique, 322, Horto)": {
        "lat": -19.8878859,
        "lon": -43.9145852
    },
    "Praça Duque de Caxias, Santa Tereza": {
        "lat": -19.9164193,
        "lon": -43.917815
    },
    "CEFET Campus I (Av. Amazonas, 5253, Nova Suíça)": {
        "lat": -19.9327936,
        "lon": -43.9848113
    },
    "Praça Nossa Senhora da Paz, Planalto": {
        "lat": -19.8302739,
        "lon": -43.9568399
    },
    "Galpão 73 (R. Hilda de Carvalho Garzon, 73, Dona Clara)": {
        "lat": -19.8613855,
        "lon": -43.9394139
    },
    "Bar do Palé (R. Dr. Pedro Pinto, 292, Caiçara)": {
        "lat": -19.9024212,
        "lon": -43.9717204
    },
    "Ocupação MTD Pátria Livre (R. Pedro Lessa, 435, Santo André)": {
        "lat": -19.9044346,
        "lon": -43.9503109
    },
    "Recanto Buri (Av. Mario Werneck, 515, Buritis)": {
        "lat": -19.9691507,
        "lon": -43.9579025
    },
    "R. 4, nº 86, Conjunto Santa Maria": {
        "lat": -19.9520582,
        "lon": -43.9575726
    },
    "The Mexican (Av. Silviano Brandão, 1891, Sagrada Família)": {
        "lat": -19.9113491,
        "lon": -43.91980299999999
    },
    "Casa da Pedreira (R. Araribá, 285, São Cristóvão)": {
        "lat": -19.9009809,
        "lon": -43.9476241
    },
    "Praça do Boa Vista": {
        "lat": -19.893593,
        "lon": -43.9036442
    },
    "AMA Cultural (Av. dos Andradas 2808, Santa Efigênia)": {
        "lat": -19.9210192,
        "lon": -43.92338950000001
    },
    "Casa Bantu (R. Jequiriçá, 106, Concórdia)": {
        "lat": -19.898255,
        "lon": -43.93744
    },
    "Lagoa do Nado (R. Min. Hermenegildo de Barros, 904, Itapoa)": {
        "lat": -19.8325162,
        "lon": -43.9607941
    },
    "CENARAB (R. Desembargador Barcelos, 102, Calafate)": {
        "lat": -19.9253643,
        "lon": -43.97244999999999
    },
    "Complexo Esportivo Fê Faria (R. Onix, 85, São Joaquim)": {
        "lat": -19.8816674,
        "lon": -44.0319063
    },
    "R. Araribá, 285, Concórdia": {
        "lat": -19.9009809,
        "lon": -43.9476241
    },
    "Escola Estadual Cândido Portinari (R. Campina Verde, s/n, Salgado Filho)": {
        "lat": -19.9453743,
        "lon": -43.9831358
    },
    "Ama Cultural (Av. dos Andradas, 2808, Santa Efigênia)": {
        "lat": -19.9210192,
        "lon": -43.92338950000001
    },
    "R. Alvares Maciel, 312, Santa Efigênia": {
        "lat": -19.9242728,
        "lon": -43.92250060000001
    },
    "Av. Américo Vespúcio, 915, Aparecida": {
        "lat": -19.8922664,
        "lon": -43.9579549
    },
    "Bar do Tião (R. Agnelo Macedo, 290, Barreiro)": {
        "lat": -19.9763353,
        "lon": -44.0192323
    },
    "R. Oliem Bonfim Guimarães, 105, Nossa Senhora da Conceição": {
        "lat": -19.9364325,
        "lon": -43.9123686
    },
    "Bar du Beto (R. Deputado Bernardino Sena Figueiredo, 1011, Cidade Nova)": {
        "lat": -19.8894595,
        "lon": -43.92056669999999
    },
    "Arena (Av. Mem de Sá, 143, Santa Efigênia)": {
        "lat": -19.9190631,
        "lon": -43.9099385
    },
    "Av. Santa Matilde, 255, Dom Cabral": {
        "lat": -19.923754,
        "lon": -43.999979
    },
    "R. Carmo da Mata, 644, Vera Cruz": {
        "lat": -19.9153053,
        "lon": -43.8979164
    },
    "Viaduto Santa Tereza": {
        "lat": -19.9200743,
        "lon": -43.934761
    },
    "The Mexican (Av. Silviano Brandão, 1891, Horto)": {
        "lat": -19.9113491,
        "lon": -43.91980299999999
    },
    "Quintal Casa de Cultura (R. Padre Marinho, 30, Santa Efigênia)": {
        "lat": -19.926072,
        "lon": -43.920222
    },
    "A Autêntica (R. Álvares Maciel, 312, Santa Efigênia)": {
        "lat": -19.9242728,
        "lon": -43.92250060000001
    },
    "Bar Opção (R. Alabandina, 619, Caiçara)": {
        "lat": -19.8925037,
        "lon": -43.9691353
    },
    "Praça Carlos Marques, Calafate": {
        "lat": -19.9235877,
        "lon": -43.9686789
    },
    "Underground Black Club (Av. Itaú, 540, Dom Cabral)": {
        "lat": -19.919067,
        "lon": -43.9944808
    },
    "Praça Geraldo Torres, Padre Eustáquio": {
        "lat": -19.9187822,
        "lon": -43.9766604
    },
    "Mister Rock (Av. Tereza Cristina, 295, Prado)": {
        "lat": -19.9192305,
        "lon": -43.95952070000001
    },
    "Barzenho (R. Itapecerica, 865, Lagoinha)": {
        "lat": -19.906693,
        "lon": -43.9463819
    },
    "Espaço Du Forró (R. Peçanha, 533, Carlos Prates)": {
        "lat": -19.9163176,
        "lon": -43.9488495
    },
    "Pizzaria Mangabeiras (R. Iraí, 235, Luxemburgo)": {
        "lat": -19.9473217,
        "lon": -43.9494901
    },
    "Bar 30 (R. Gabro, 35, Saanta Tereza)": {
        "lat": -19.9153639,
        "lon": -43.9210577
    },
    "R. Mercúrio, 31, Bom Retiro": {
        "lat": -19.910543,
        "lon": -43.9826067
    },
    "Jângal (R. Outono, 523, Carmo)": {
        "lat": -19.9426655,
        "lon": -43.9293252
    },
    "CCPE (R. Jacutinga, 550, Padre Eustáquio)": {
        "lat": -19.9148145,
        "lon": -43.9887351
    },
    "Sede do Grupo Aruanda (R. Espírito Santo, 757, Centro)": {
        "lat": -19.921225,
        "lon": -43.9377
    },
    "R. Porto Alegre, 495, Carlos Prates": {
        "lat": -19.9151353,
        "lon": -43.961511
    },
    "Bar do Chico (R. Conselheiro Rocha, 1605, Santa Tereza)": {
        "lat": -19.917587,
        "lon": -43.919603
    },
    "Mercado da Lagoinha (R. Formiga, 140, Lagoinha)": {
        "lat": -19.9048517,
        "lon": -43.9451063
    },
    "Praça Comendador Negrão de Lima, Floresta": {
        "lat": -19.9104437,
        "lon": -43.930584
    },
    "Centro Cultural Salgado Filho (R. Ponte Nova, 22, Salgado Filho)": {
        "lat": -19.9449409,
        "lon": -43.985319
    },
    "Praça da Abadia, Esplanada": {
        "lat": -19.9050527,
        "lon": -43.9031293
    },
    "Casa da Pedreira (R. Araribá, 285, Concórdia)": {
        "lat": -19.9009809,
        "lon": -43.9476241
    },
    "Dimas Bar e Restaurante (R. Padre Eustáquio, 1010, Carlos Prates)": {
        "lat": -19.91147,
        "lon": -43.9629525
    },
    "Choperia Carcará (Av. Santa Matilde, 500, Dom Cabral)": {
        "lat": -19.9250469,
        "lon": -43.9985417
    },
    "R. Aloísio Aragão Villar, 370, Trevo": {
        "lat": -19.8342766,
        "lon": -44.0056465
    },
    "Praça Antônio André de Miranda, Nova Esperança": {
        "lat": -19.8989739,
        "lon": -43.9569737
    },
    "Parque do Brejinho, Indaiá": {
        "lat": -19.8670312,
        "lon": -43.9540112
    },
    "Praça dos Agricultores, Castelo": {
        "lat": -19.8870532,
        "lon": -44.0044175
    },
    "Mi Corazón (R. Sapucaí, 511, Floresta)": {
        "lat": -19.9182581,
        "lon": -43.9327107
    },
    "Praça do Planalto": {
        "lat": -19.8325412,
        "lon": -43.9433717
    },
    "Kilombo Souza (R. Teixeira Soares, 985, Santa Tereza)": {
        "lat": -19.9136281,
        "lon": -43.9167886
    },
    "Petico Di Buteco (Av. Serrana, 650, Serrano)": {
        "lat": -19.8802889,
        "lon": -44.01145229999999
    },
    "R. Sapucaí": {
        "lat": -19.9163142,
        "lon": -43.9323177
    },
    "Parque do Palácio (R. Prof. Djalma Guimarães, 161, Mangabeiras)": {
        "lat": -19.955545,
        "lon": -43.9118542
    },
    "Centro Cultural Venda Nova (R. José Ferreira dos Santos, 184, Jardim dos Comerciantes)": {
        "lat": -19.7998129,
        "lon": -43.9725871
    },
    "Praça da Estação": {
        "lat": -19.9168158,
        "lon": -43.933902
    },
    "Praça Capela Nova, Minas Brasil": {
        "lat": -19.9160291,
        "lon": -43.991477
    },
    "Quintal Longue Bar (Av. General Olimpio Mourão Filho, 411, Planalto)": {
        "lat": -19.831768,
        "lon": -43.9579661
    },
    "Escola Pituchinha (R. Marquês de Lavradio, 619, Alto dos Pinheiros)": {
        "lat": -19.9291416,
        "lon": -44.0027464
    },
    "BARzenho (R. Itapecerica, 865, Lagoinha)": {
        "lat": -19.906693,
        "lon": -43.9463819
    },
    "Guarapa's Bar (Av. Guarapari, 646, Santa Amélia)": {
        "lat": -19.8402526,
        "lon": -43.97751239999999
    },
    "Bendito Chopp (R. Campos Sales, 638, Calafate)": {
        "lat": -19.9278208,
        "lon": -43.9793802
    },
    "Casa da Família (R. das Garças, 83, Santo André)": {
        "lat": -19.9027061,
        "lon": -43.95300049999999
    },
    "R. Antônio Teixeira Dias, 2013, Santa Helena": {
        "lat": -19.9887561,
        "lon": -44.0143186
    },
    "Quintal Vegan (R. Pitangui, 175, Concórdia)": {
        "lat": -19.9000911,
        "lon": -43.9434739
    },
    "Distrital (R. Opala, 55, Cruzeiro)": {
        "lat": -19.942297,
        "lon": -43.9261397
    },
    "Portaria 1959 (Av. Amazonas, 1057, Centro)": {
        "lat": -19.9223144,
        "lon": -43.9440462
    },
    "AMA Cultural (Av. dos Andradas, 2808, Santa Efigênia)": {
        "lat": -19.9210192,
        "lon": -43.92338950000001
    },
    "Na Arena (Av. Mem de Sá, 143, Santa Efigênia)": {
        "lat": -19.9190631,
        "lon": -43.9099385
    },
    "Praça Arcângelo Maleta, Santa Lúcia": {
        "lat": -19.9674586,
        "lon": -43.9516284
    },
    "Em Canto Bar du Beto (R. Dep. Bernardino Sena Figueiredo, 1011, Cidade Nova)": {
        "lat": -19.8895051,
        "lon": -43.92055089999999
    },
    "Praça México, Concórdia": {
        "lat": -19.9019007,
        "lon": -43.9356207
    },
    "A divulgar": {
        "lat": -19.919052,
        "lon": -43.9386685
    },
    "Quintal do Chalé (Av. Professor Mário Werneck, 530, Estoril)": {
        "lat": -19.968118,
        "lon": -43.95747
    },
    "R. Conceição Pinto Ferreira, 240, Alto Caiçara": {
        "lat": -19.8992203,
        "lon": -43.974461
    },
    "Em breve": {
        "lat": -19.8636337,
        "lon": -43.9322303
    },
    "Casa da Família Santo André (R. das Garças, 83, Santo André)": {
        "lat": -19.9027061,
        "lon": -43.95300049999999
    }
}